# Generated file patterns
*.o
*.hi
.depend
.depend.bak

nofib-analyse/nofib-analyse
runstdtest/runstdtest

# Specific generated files
imaginary/bernouilli/bernouilli
imaginary/exp3_8/exp3_8
imaginary/gen_regexps/gen_regexps
imaginary/integrate/integrate
imaginary/paraffins/paraffins
imaginary/primes/primes
imaginary/queens/queens
imaginary/rfib/rfib
imaginary/tak/tak
imaginary/wheel-sieve1/wheel-sieve1
imaginary/wheel-sieve2/wheel-sieve2
imaginary/x2n1/x2n1

real/anna/anna
real/bspt/bspt
real/cacheprof/cacheprof
real/compress/compress
real/compress2/compress2
real/fem/fem
real/fluid/fluid
real/fulsom/fulsom
real/gamteb/gamteb
real/gg/gg
real/grep/grep
real/hidden/hidden
real/hpg/hpg
real/infer/infer
real/lift/lift
real/maillist/addresses.tex
real/maillist/maillist
real/mkhprog/mkhprog
real/parser/parser
real/pic/pic
real/prolog/prolog
real/reptile/reptile
real/rsa/rsa
real/scs/scs
real/symalg/symalg
real/veritas/veritas

spectral/ansi/ansi
spectral/atom/atom
spectral/awards/awards
spectral/banner/banner
spectral/boyer/boyer
spectral/boyer2/boyer2
spectral/calendar/calendar
spectral/cichelli/cichelli
spectral/circsim/circsim
spectral/clausify/clausify
spectral/constraints/constraints
spectral/cryptarithm1/cryptarithm1
spectral/cryptarithm2/cryptarithm2
spectral/cse/cse
spectral/eliza/eliza
spectral/expert/expert
spectral/fft2/fft2
spectral/fibheaps/fibheaps
spectral/fish/fish
spectral/gcd/gcd
spectral/hartel/comp_lab_zift/comp_lab_zift
spectral/hartel/event/event
spectral/hartel/fft/fft
spectral/hartel/genfft/genfft
spectral/hartel/ida/ida
spectral/hartel/listcompr/listcompr
spectral/hartel/listcopy/listcopy
spectral/hartel/nucleic2/nucleic2
spectral/hartel/parstof/parstof
spectral/hartel/sched/sched
spectral/hartel/solid/solid
spectral/hartel/transform/transform
spectral/hartel/typecheck/typecheck
spectral/hartel/wang/wang
spectral/hartel/wave4main/wave4main
spectral/integer/integer
spectral/knights/knights
spectral/lcss/lcss
spectral/life/life
spectral/mandel/mandel
spectral/mandel2/mandel2
spectral/minimax/minimax
spectral/multiplier/multiplier
spectral/para/para
spectral/power/power
spectral/pretty/pretty
spectral/primetest/primetest
spectral/puzzle/puzzle
spectral/rewrite/rewrite
spectral/scc/scc
spectral/simple/simple
spectral/sorting/sorting
spectral/sphere/sphere
spectral/treejoin/treejoin

gc/circsim/circsim
gc/constraints/constraints
gc/fibheaps/fibheaps
gc/fulsom/fulsom
gc/gc_bench/gc_bench
gc/happy/happy
gc/hash/hash
gc/lcss/lcss
gc/mutstore1/mutstore1
gc/mutstore2/mutstore2
gc/power/power
gc/spellcheck/spellcheck

parallel/blackscholes/blackscholes
parallel/coins/coins
parallel/gray/gray
parallel/mandel/mandel
parallel/matmult/matmult
parallel/minimax/minimax
parallel/parfib/parfib
parallel/partree/partree
parallel/prsa/prsa
parallel/queens/queens
parallel/ray/ray
parallel/sumeuler/sumeuler

